<?xml version="1.0" encoding="UTF-8"?>
<beans xmlns="http://www.springframework.org/schema/beans"
	xmlns:xsi="http://www.w3.org/2001/XMLSchema-instance"
	xmlns:aop="http://www.springframework.org/schema/aop"
	xmlns:context="http://www.springframework.org/schema/context"
	xmlns:mvc="http://www.springframework.org/schema/mvc"
	xmlns:p="http://www.springframework.org/schema/p"
	xsi:schemaLocation="http://www.springframework.org/schema/beans http://www.springframework.org/schema/beans/spring-beans-4.3.xsd
		http://www.springframework.org/schema/aop http://www.springframework.org/schema/aop/spring-aop-4.3.xsd
		http://www.springframework.org/schema/context http://www.springframework.org/schema/context/spring-context-4.3.xsd
		http://www.springframework.org/schema/mvc http://www.springframework.org/schema/mvc/spring-mvc-4.3.xsd">

<bean id="dataSource" class="org.springframework.jdbc.datasource.DriverManagerDataSource" >
		<property name="driverClassName" value="com.mysql.cj.jdbc.Driver" ></property>
		<property name="url" value="jdbc:mysql://localhost:3306/java" ></property>
		<property name="username" value="root" ></property>
		<property name="password" value="password" ></property>
	</bean>
	
	<bean id="sessionFactory" class="org.springframework.orm.hibernate4.LocalSessionFactoryBean" autowire="byName" >
		<property name="hibernateProperties">
			<props>
				<prop key="hibernate.dialect">org.hibernate.dialect.MySQLDialect</prop>
				<prop key="hibernate.show_sql">true</prop>
				<prop key="hibernate.hbm2ddl.auto">update</prop>
			</props>
		</property>
		<property name="annotatedClasses">
			<list>
			    <value>com.cdac.dto.Admin</value>
				<value>com.cdac.dto.Student</value>
				<value>com.cdac.dto.Job</value>
			</list>
		</property>
	</bean>
	<bean id="hibernateTemplate" class="org.springframework.orm.hibernate4.HibernateTemplate" autowire="byType" ></bean>
	
	<context:component-scan base-package="com.cdac"></context:component-scan>
	
	<bean id="viewResolver" class="org.springframework.web.servlet.view.InternalResourceViewResolver" >
		<property name="prefix" value="/" ></property>
		<property name="suffix" value=".jsp" ></property>
	</bean>

</beans>
